iter	F1	Logloss
0	0.9526042048	0.5388828008
1	0.9572505977	0.4290893263
2	0.9604171583	0.3531956797
3	0.9588200156	0.300545569
4	0.9668823097	0.2590891292
5	0.9680154702	0.2295933814
6	0.9661355126	0.2075179277
7	0.9653684177	0.1906313655
8	0.966004511	0.1776197626
9	0.9657248118	0.1672532795
10	0.966130728	0.1571580228
11	0.9674912141	0.1474478305
12	0.9684344352	0.1397969183
13	0.96963445	0.1336372323
14	0.9696699862	0.1290621142
15	0.9703449905	0.1251893378
16	0.9707610317	0.1182479137
17	0.9709100662	0.1137677502
18	0.9713695664	0.1091760649
19	0.973015808	0.1053625532
20	0.9728540386	0.1013220242
21	0.9736461814	0.09919654633
22	0.9749043116	0.09544645951
23	0.9752787867	0.09423159691
24	0.9757881186	0.09056459501
25	0.9777385434	0.0870772089
26	0.9787962416	0.0850053402
27	0.9801754748	0.08253450034
28	0.9808685758	0.08102652192
29	0.9820861553	0.07828217492
30	0.9838002335	0.07650344775
31	0.9851014098	0.0735012235
32	0.9854944448	0.07205010088
33	0.9857069229	0.07088300708
34	0.9855301842	0.06948587955
35	0.9858514448	0.06812855306
36	0.9865080717	0.0674989431
37	0.9868974315	0.06601360078
38	0.986927593	0.06547875579
39	0.9875519437	0.06451753519
40	0.9880150089	0.06317702625
41	0.987901609	0.06228496604
42	0.9880938662	0.06095433369
43	0.9879814561	0.06016215544
44	0.9881382488	0.05919438106
45	0.9890502195	0.05781599669
46	0.9890045015	0.05749838971
47	0.9893338254	0.05684848054
48	0.9896714048	0.0557952898
49	0.9899273402	0.05501579721
50	0.9901652969	0.05419522534
51	0.9904276393	0.05301668092
52	0.9911054638	0.0523434944
53	0.991185357	0.0519723494
54	0.9911301648	0.05140049066
55	0.9914064738	0.04994873708
56	0.9913384917	0.04925722721
57	0.9913610703	0.04899901448
58	0.9914950823	0.04841911034
59	0.9915181418	0.04810535847
60	0.991674367	0.04705054302
61	0.9919186038	0.04651521658
62	0.9919404778	0.0461791314
63	0.9919776706	0.0459008931
64	0.9920921397	0.04509522289
65	0.9923637305	0.04461695067
66	0.9926186812	0.04397006586
67	0.9924600698	0.04375064896
68	0.9924931588	0.04358423892
69	0.9924657724	0.04339424121
70	0.9925256195	0.0429277091
71	0.992539728	0.04276430232
72	0.9925723926	0.04250566264
73	0.9927009324	0.04185588924
74	0.9931528066	0.04115216395
75	0.993195455	0.0410288641
76	0.9933561729	0.04079817476
77	0.99333321	0.04033257725
78	0.9934204747	0.04002373958
79	0.9934994082	0.03967079592
80	0.9936004735	0.03947499491
81	0.9936190282	0.03934556201
82	0.9936142567	0.03922783628
83	0.9935777993	0.03898996108
84	0.9935272687	0.03866429841
85	0.9935363959	0.03846248514
86	0.9935173026	0.03827842931
87	0.9935780962	0.037977065
88	0.9936699789	0.03786443397
89	0.9938277598	0.03774886661
90	0.9938004207	0.03769220443
91	0.9938143758	0.03714824459
92	0.9938191417	0.03680798485
93	0.9937402914	0.03640335431
94	0.9938327539	0.03602527704
95	0.9940213345	0.03584867262
96	0.9940121422	0.03572318503
97	0.9940214451	0.03553790692
98	0.9939890508	0.03534362389
99	0.9940031718	0.03503152
100	0.9940590397	0.03492758475
101	0.9941188437	0.03477639243
102	0.9941050549	0.03466654502
103	0.9941188437	0.03447918798
104	0.9941095422	0.03436404646
105	0.994118735	0.03409235586
106	0.9942520497	0.03367951395
107	0.9942937999	0.03343242332
108	0.994294011	0.03332511559
109	0.9943358625	0.03328094676
110	0.9943590076	0.03308891882
111	0.9943728008	0.03295540753
112	0.994395894	0.0329099527
113	0.9944235856	0.0327620506
114	0.9944374829	0.03268336051
115	0.9944466793	0.03259062752
116	0.9944466793	0.03245896302
117	0.9944466793	0.0323141295
118	0.9944558759	0.03223647173
119	0.9944650726	0.03207874299
120	0.9944882181	0.0319474416
121	0.9944976696	0.03171953928
122	0.9945714497	0.03161032842
123	0.9945990437	0.03152191541
124	0.9946269871	0.03140096384
125	0.9946362846	0.03135088692
126	0.9946868281	0.03124222178
127	0.9947099734	0.03093978889
128	0.9947421722	0.03086517903
129	0.994746918	0.03082550398
130	0.9947468208	0.03069648211
131	0.9947607663	0.03063354661
132	0.9947561179	0.03057732414
133	0.9947654147	0.03055523898
134	0.9947747115	0.03044964128
135	0.9948446697	0.03028758393
136	0.9948676691	0.03016922309
137	0.9948860694	0.03001074098
138	0.9948907168	0.02992380918
139	0.9948953642	0.02981887482
140	0.9949138593	0.02968601759
141	0.9949690653	0.02951933179
142	0.9949689722	0.02947482156
143	0.9950014566	0.02937343633
144	0.9950014103	0.02931936478
145	0.9950199986	0.02921782927
146	0.9950523434	0.02895999708
147	0.9950523434	0.02885165171
148	0.9950615914	0.0287610302
149	0.9950661926	0.02874176825
150	0.9950615914	0.0285813043
151	0.9950941634	0.02848191297
152	0.9951268228	0.02843284217
153	0.9951268679	0.02841335671
154	0.9951408057	0.02836883208
155	0.9951638109	0.02827932228
156	0.9951731918	0.02822816272
157	0.9951824386	0.02817921687
158	0.9952284517	0.02813339312
159	0.9952749061	0.0280536966
160	0.9952611017	0.028008122
161	0.9952378751	0.02791336924
162	0.995247078	0.02785300882
163	0.9952517673	0.02782841117
164	0.9952701734	0.02775937644
165	0.9952841529	0.02770608326
166	0.9952887981	0.0276727163
167	0.9953770907	0.02761443648
168	0.995391066	0.02757840822
169	0.9954147947	0.02752911427
170	0.9954148371	0.02748375038
171	0.9954148371	0.02743635528
172	0.9954380532	0.02737104912
173	0.9954333678	0.02729693537
174	0.9954286824	0.02725849141
175	0.9954285556	0.02707209826
176	0.9954285556	0.02699944414
177	0.9954377158	0.02694190854
178	0.9954470447	0.02690048382
179	0.9954424435	0.02689039845
180	0.9954378423	0.02686253648
181	0.9954470868	0.02679894681
182	0.9954470447	0.02677426172
183	0.9954608906	0.02669038415
184	0.995465492	0.02666687785
185	0.9954655339	0.02662074709
186	0.9954793381	0.02652289792
187	0.9954793799	0.02650557369
188	0.9954885828	0.02646657538
189	0.9954886245	0.02644308962
190	0.9955071968	0.02637090373
191	0.9955071968	0.02634049114
192	0.9955211256	0.02631244066
193	0.9955256857	0.02627799957
194	0.9955579797	0.02621177934
195	0.9955580208	0.02618582065
196	0.9955579797	0.02615356406
197	0.9955673062	0.02612183926
198	0.9955627045	0.02611546996
199	0.9955627045	0.02604500082
200	0.9955627045	0.02602081482
201	0.9955673062	0.0259990816
202	0.9955765097	0.02594129724
203	0.9956042026	0.02588354183
204	0.9956180087	0.02587081778
205	0.9956365788	0.02580645987
206	0.9956365788	0.02580632682
207	0.9956365788	0.02580142417
208	0.9956319363	0.02577676365
209	0.9956319363	0.02576212326
210	0.9956552285	0.02573823965
211	0.9956598707	0.02571353452
212	0.9956691148	0.02567622468
213	0.9956645128	0.02559858447
214	0.9956923646	0.02555456267
215	0.9956969666	0.02552721448
216	0.9956969666	0.02549939429
217	0.9956969666	0.02549938217
218	0.9956923646	0.02549763003
219	0.9956923646	0.02549762847
220	0.9956923646	0.0254935626
221	0.9956923646	0.02549353741
222	0.9956923646	0.02549351343
223	0.9956923646	0.02549348796
224	0.9956969666	0.02544752169
225	0.9956969666	0.02544751101
226	0.9956969666	0.02544749626
227	0.9956969666	0.02544748152
228	0.9956969666	0.02544746679
229	0.9956969666	0.02544737942
230	0.9956970064	0.02541683188
231	0.9956970064	0.02541680666
232	0.9956970064	0.02541678101
233	0.9956970064	0.02541675866
234	0.9956970064	0.0254140327
235	0.9956924044	0.02536866427
236	0.9957248564	0.02533810633
237	0.9957248564	0.02529337849
238	0.9957248564	0.02529327895
239	0.9957248564	0.02529326709
240	0.9957248564	0.02529326567
241	0.9957294584	0.02526652355
242	0.9957294584	0.02526650638
243	0.9957294584	0.02526646236
244	0.9957340605	0.02525114083
245	0.9957432648	0.02522532387
246	0.9957432648	0.02519424241
247	0.9957432648	0.02519424136
248	0.9957432648	0.02519412806
249	0.9957619481	0.02511673935
250	0.9957573461	0.02506853895
251	0.9957573461	0.02506851458
252	0.9957573461	0.02503917155
253	0.9957573461	0.02498551776
254	0.9957573461	0.02498533599
255	0.9957573461	0.02498077388
256	0.9957619481	0.02496203518
257	0.9957711523	0.02492140313
258	0.9957896391	0.02488032161
259	0.9957896391	0.02486908289
260	0.9957896391	0.02485259234
261	0.9957850369	0.02481783343
262	0.995789678	0.02479662458
263	0.9957897558	0.02476678134
264	0.9958173306	0.02474377845
265	0.9958173306	0.02473293698
266	0.9958173306	0.02467548141
267	0.9958173306	0.0246465105
268	0.9958219716	0.02460898423
269	0.9958219716	0.024608984
270	0.9958219716	0.02459590086
271	0.9958358945	0.02456197302
272	0.9958498553	0.02454208775
273	0.995845253	0.02447464109
274	0.995845253	0.02443458397
275	0.995845253	0.02443455219
276	0.995845253	0.02443453793
277	0.995845253	0.02443443756
278	0.995845253	0.02442197017
279	0.995845253	0.02442197017
280	0.995845253	0.02442197017
281	0.9958498937	0.02440429333
282	0.9958498937	0.02440428551
283	0.9958498937	0.02440414483
284	0.9958498937	0.02440405695
285	0.9958498937	0.02440405525
286	0.9958498937	0.02440402384
287	0.9958498937	0.02440397866
288	0.9958498937	0.02439435132
289	0.9958498937	0.0243942918
290	0.9958498937	0.02439364543
291	0.9958498937	0.02439300277
292	0.995854496	0.02434076075
293	0.995854496	0.02432085008
294	0.9958591367	0.02431008398
295	0.9958591367	0.02431007019
296	0.9958591367	0.02430339049
297	0.9958591367	0.02429575848
298	0.9958684179	0.02427020595
299	0.9958684179	0.0242480653
300	0.9958591367	0.02423240615
301	0.9958637391	0.02420101626
302	0.9958637391	0.0242010035
303	0.9958637391	0.02420100177
304	0.9958591367	0.02417086658
305	0.9958776989	0.02414964035
306	0.9958776989	0.02414786613
307	0.9958776989	0.02414786475
308	0.9958776989	0.02414786404
309	0.9958776989	0.02414786332
310	0.9958823774	0.02413872474
311	0.9958823774	0.02412566528
312	0.9959009007	0.02409655458
313	0.9959009007	0.02409655198
314	0.9959009007	0.02409640305
315	0.9959009007	0.02409637483
316	0.9959009007	0.02409636292
317	0.9959009007	0.02409632631
318	0.9959009007	0.02409626914
319	0.9959009007	0.02409297422
320	0.9959009007	0.02406455492
321	0.9959148213	0.02405121747
322	0.9959148213	0.02405121223
323	0.9959148213	0.02405120723
324	0.9959148213	0.02405120563
325	0.9959148213	0.02403558013
326	0.9959148213	0.02400476976
327	0.9959148213	0.02400476691
328	0.9959148213	0.02399109931
329	0.9959148213	0.02399095029
330	0.9959148213	0.0239909491
331	0.9959148213	0.02399093564
332	0.9959148213	0.02399093015
333	0.9959148213	0.02398599229
334	0.9959148213	0.02398410935
335	0.9959148213	0.02397607822
336	0.9959055031	0.02394157976
337	0.9959055031	0.02394150037
338	0.9959148213	0.02393137655
339	0.9959148213	0.02393070901
340	0.9959148213	0.02390352456
341	0.9959148213	0.02390351916
342	0.9959287038	0.02389332306
343	0.9959239884	0.02380915439
344	0.9959379087	0.02378597587
345	0.9959379087	0.0237710565
346	0.9959379087	0.02373381212
347	0.9959379462	0.02370750209
348	0.9959379462	0.02369433873
349	0.9959379462	0.02367469199
